[{"id":"6289627655877@s.whatsapp.net","xp":0,"level":1},{"id":"628977074297@s.whatsapp.net","xp":0,"level":1},{"id":"6289626156638@s.whatsapp.net","xp":0,"level":1},{"id":"6283871990243@s.whatsapp.net","xp":0,"level":1},{"id":"6288212950591@s.whatsapp.net","xp":0,"level":1},{"id":"62881023035719@s.whatsapp.net","xp":0,"level":1},{"id":"6281293659117@s.whatsapp.net","xp":0,"level":1},{"id":"6285838272010@s.whatsapp.net","xp":0,"level":1},{"id":"6283125501086@s.whatsapp.net","xp":0,"level":1},{"id":"6281268372359@s.whatsapp.net","xp":0,"level":1},{"id":"6283153479798@s.whatsapp.net","xp":0,"level":1},{"id":"","xp":0,"level":1},{"id":"16202708527@s.whatsapp.net","xp":0,"level":1},{"id":"6289501559443@s.whatsapp.net","xp":0,"level":1},{"id":"6288242467922@s.whatsapp.net","xp":0,"level":1},{"id":"62812641943548@s.whatsapp.net","xp":0,"level":1},{"id":"6281357489611@s.whatsapp.net","xp":0,"level":1},{"id":"6285694595251@s.whatsapp.net","xp":0,"level":1},{"id":"6285822515051@s.whatsapp.net","xp":0,"level":1},{"id":"6289673291445@s.whatsapp.net","xp":0,"level":1},{"id":"6283125059062@s.whatsapp.net","xp":0,"level":1},{"id":"6281313925775@s.whatsapp.net","xp":0,"level":1},{"id":"6285878211643@s.whatsapp.net","xp":0,"level":1},{"id":"6282268335890@s.whatsapp.net","xp":0,"level":1},{"id":"6287783185843@s.whatsapp.net","xp":0,"level":1},{"id":"6288229601824@s.whatsapp.net","xp":0,"level":1},{"id":"6281210566946@s.whatsapp.net","xp":0,"level":1},{"id":"62823241387900@s.whatsapp.net","xp":0,"level":1},{"id":"6281268520927@s.whatsapp.net","xp":0,"level":1},{"id":"6285867937545@s.whatsapp.net","xp":0,"level":1},{"id":"6285795410750@s.whatsapp.net","xp":0,"level":1},{"id":"6282226169289@s.whatsapp.net","xp":0,"level":1},{"id":"6285852565460@s.whatsapp.net","xp":0,"level":1},{"id":"6283146208804@s.whatsapp.net","xp":0,"level":1},{"id":"6281328507885@s.whatsapp.net","xp":0,"level":1},{"id":"6288210858927@s.whatsapp.net","xp":0,"level":1},{"id":"6285240646336@s.whatsapp.net","xp":0,"level":1},{"id":"6288224465258@s.whatsapp.net","xp":0,"level":1},{"id":"6285216556369@s.whatsapp.net","xp":0,"level":1},{"id":"16147065184@s.whatsapp.net","xp":0,"level":1},{"id":"6285361663883@s.whatsapp.net","xp":0,"level":1},{"id":"6282179910750@s.whatsapp.net","xp":0,"level":1},{"id":"62895330146362@s.whatsapp.net","xp":0,"level":1},{"id":"6285727136405@s.whatsapp.net","xp":0,"level":1},{"id":"62815852682952@s.whatsapp.net","xp":0,"level":1},{"id":"6282125527082@s.whatsapp.net","xp":0,"level":1},{"id":"6289512545999@s.whatsapp.net","xp":97,"level":1},{"id":"6285232042168@s.whatsapp.net","xp":0,"level":1},{"id":"62895803444159@s.whatsapp.net","xp":0,"level":1},{"id":"6289530298948@s.whatsapp.net","xp":0,"level":1},{"id":"62895333717964@s.whatsapp.net","xp":0,"level":1},{"id":"6281312427451@s.whatsapp.net","xp":0,"level":1},{"id":"6283892120320@s.whatsapp.net","xp":0,"level":1},{"id":"6281413581574@s.whatsapp.net","xp":28,"level":1},{"id":"6288222633957@s.whatsapp.net","xp":0,"level":1},{"id":"6288279268363@s.whatsapp.net","xp":0,"level":1},{"id":"923467725119@s.whatsapp.net","xp":0,"level":1},{"id":"6289501427163@s.whatsapp.net","xp":0,"level":1},{"id":"6288296339947@s.whatsapp.net","xp":0,"level":1},{"id":"6281239934147@s.whatsapp.net","xp":0,"level":1},{"id":"6281949031681@s.whatsapp.net","xp":0,"level":1},{"id":"6281277979008@s.whatsapp.net","xp":0,"level":1},{"id":"6283861291027@s.whatsapp.net","xp":0,"level":1},{"id":"6283813991733@s.whatsapp.net","xp":0,"level":1},{"id":"6282297257748@s.whatsapp.net","xp":0,"level":1},{"id":"62857815632832@s.whatsapp.net","xp":0,"level":1},{"id":"6283818777312@s.whatsapp.net","xp":0,"level":1},{"id":"6285878166248@s.whatsapp.net","xp":0,"level":1},{"id":"212668960533@s.whatsapp.net","xp":0,"level":1},{"id":"6283110372378@s.whatsapp.net","xp":0,"level":1},{"id":"6285772223145@s.whatsapp.net","xp":0,"level":1},{"id":"6285742372613@s.whatsapp.net","xp":0,"level":1},{"id":"6281523940672@s.whatsapp.net","xp":109,"level":1},{"id":"6282272495333@s.whatsapp.net","xp":0,"level":1},{"id":"6288297184380@s.whatsapp.net","xp":0,"level":1},{"id":"6283127014833@s.whatsapp.net","xp":0,"level":1},{"id":"19093238987@s.whatsapp.net","xp":0,"level":1},{"id":"6282125441729@s.whatsapp.net","xp":102,"level":1},{"id":"18777237913@s.whatsapp.net","xp":0,"level":1},{"id":"6289526478956@s.whatsapp.net","xp":13,"level":1},{"id":"16017518426@s.whatsapp.net","xp":0,"level":1},{"id":"6289507988704@s.whatsapp.net","xp":0,"level":1},{"id":"6287722575189@s.whatsapp.net","xp":19,"level":1},{"id":"6285241581267@s.whatsapp.net","xp":18,"level":1},{"id":"6281212260491@s.whatsapp.net","xp":19,"level":1},{"id":"628979226908@s.whatsapp.net","xp":0,"level":1},{"id":"6282268562601@s.whatsapp.net","xp":0,"level":1},{"id":"6281232301061@s.whatsapp.net","xp":0,"level":1},{"id":"923181718309@s.whatsapp.net","xp":0,"level":1},{"id":"6281360697844@s.whatsapp.net","xp":12,"level":1},{"id":"12135290116@s.whatsapp.net","xp":0,"level":1},{"id":"6281334788944@s.whatsapp.net","xp":0,"level":1},{"id":"6282141068904@s.whatsapp.net","xp":0,"level":1},{"id":"628985927917@s.whatsapp.net","xp":33,"level":1},{"id":"6283123106454@s.whatsapp.net","xp":64,"level":1},{"id":"601151643814@s.whatsapp.net","xp":62,"level":1},{"id":"6282132896002@s.whatsapp.net","xp":15,"level":1},{"id":"6281389140644@s.whatsapp.net","xp":11,"level":1},{"id":"6288975996370@s.whatsapp.net","xp":0,"level":1},{"id":"6288235740963@s.whatsapp.net","xp":18,"level":1},{"id":"6288802752781@s.whatsapp.net","xp":0,"level":1},{"id":"62857815632831@s.whatsapp.net","xp":29,"level":1},{"id":"19362514630@s.whatsapp.net","xp":0,"level":1},{"id":"6289681008411@s.whatsapp.net","xp":0,"level":1}]