[{"id":"6289627655877@s.whatsapp.net","uang":24},{"id":"6282125441729@s.whatsapp.net","uang":83},{"id":"6289512545999@s.whatsapp.net","uang":262},{"id":"6287722575189@s.whatsapp.net","uang":21},{"id":"6285241581267@s.whatsapp.net","uang":78},{"id":"6281212260491@s.whatsapp.net","uang":12},{"id":"6281360697844@s.whatsapp.net","uang":17},{"id":"628985927917@s.whatsapp.net","uang":30},{"id":"6283123106454@s.whatsapp.net","uang":55},{"id":"601151643814@s.whatsapp.net","uang":75},{"id":"6282132896002@s.whatsapp.net","uang":20},{"id":"6281389140644@s.whatsapp.net","uang":15},{"id":"6288235740963@s.whatsapp.net","uang":21},{"id":"6281523940672@s.whatsapp.net","uang":228},{"id":"62857815632831@s.whatsapp.net","uang":47},{"id":"6281413581574@s.whatsapp.net","uang":51}]